<wfs:FeatureCollection xsi:schemaLocation='http://23.21.95.235/ArcGIS/rest/services/NASCSP/Wx_Train_WFS/GeoDataServer/WFSServer http://23.21.95.235/ArcGIS/services/NASCSP/Wx_Train_WFS/GeoDataServer/WFSServer?request=DescribeFeatureType%26version=1.1.0%26typename=Wx_Train http://www.opengis.net/wfs http://schemas.opengis.net/wfs/1.1.0/wfs.xsd' xmlns:NASCSP_Wx_Train_WFS='http://23.21.95.235/ArcGIS/rest/services/NASCSP/Wx_Train_WFS/GeoDataServer/WFSServer' xmlns:gml='http://www.opengis.net/gml' xmlns:wfs='http://www.opengis.net/wfs' xmlns:xlink='http://www.w3.org/1999/xlink' xmlns:xsi='http://www.w3.org/2001/XMLSchema-instance'><gml:boundedBy><gml:Envelope srsName='EPSG:3857'><gml:lowerCorner>-14963014.49937306 3235964.1304428503</gml:lowerCorner><gml:upperCorner>-7767325.2175107747 8030897.6321389079</gml:upperCorner></gml:Envelope></gml:boundedBy><gml:featureMember><NASCSP_Wx_Train_WFS:Wx_Train gml:id='F3__1'><NASCSP_Wx_Train_WFS:OBJECTID>1</NASCSP_Wx_Train_WFS:OBJECTID><NASCSP_Wx_Train_WFS:Shape><gml:Point><gml:pos>-8229103.0078923628 4983631.347659789</gml:pos></gml:Point></NASCSP_Wx_Train_WFS:Shape><NASCSP_Wx_Train_WFS:Center>Association for Energy Affordability</NASCSP_Wx_Train_WFS:Center><NASCSP_Wx_Train_WFS:Address1>105 Bruckner Boulevard</NASCSP_Wx_Train_WFS:Address1><NASCSP_Wx_Train_WFS:City_1>Bronx</NASCSP_Wx_Train_WFS:City_1><NASCSP_Wx_Train_WFS:State_1>NY</NASCSP_Wx_Train_WFS:State_1><NASCSP_Wx_Train_WFS:ZIP_1>10454</NASCSP_Wx_Train_WFS:ZIP_1><NASCSP_Wx_Train_WFS:CenterPhone>(718) 292-6733</NASCSP_Wx_Train_WFS:CenterPhone><NASCSP_Wx_Train_WFS:Website>http://www.aeanyc.org</NASCSP_Wx_Train_WFS:Website></NASCSP_Wx_Train_WFS:Wx_Train></gml:featureMember><gml:featureMember><NASCSP_Wx_Train_WFS:Wx_Train gml:id='F3__2'><NASCSP_Wx_Train_WFS:OBJECTID>2</NASCSP_Wx_Train_WFS:OBJECTID><NASCSP_Wx_Train_WFS:Shape><gml:Point><gml:pos>-9041647.2876744773 4476714.1760473847</gml:pos></gml:Point></NASCSP_Wx_Train_WFS:Shape><NASCSP_Wx_Train_WFS:Center>CASE of West Virginia Training and Energy Services Center</NASCSP_Wx_Train_WFS:Center><NASCSP_Wx_Train_WFS:Address1>212 Federal Street</NASCSP_Wx_Train_WFS:Address1><NASCSP_Wx_Train_WFS:City_1>Bluefield</NASCSP_Wx_Train_WFS:City_1><NASCSP_Wx_Train_WFS:State_1>WV</NASCSP_Wx_Train_WFS:State_1><NASCSP_Wx_Train_WFS:ZIP_1>24701</NASCSP_Wx_Train_WFS:ZIP_1><NASCSP_Wx_Train_WFS:CenterPhone>(304) 324-0450</NASCSP_Wx_Train_WFS:CenterPhone><NASCSP_Wx_Train_WFS:Website>http://www.casewv.org</NASCSP_Wx_Train_WFS:Website></NASCSP_Wx_Train_WFS:Wx_Train></gml:featureMember><gml:featureMember><NASCSP_Wx_Train_WFS:Wx_Train gml:id='F3__3'><NASCSP_Wx_Train_WFS:OBJECTID>3</NASCSP_Wx_Train_WFS:OBJECTID><NASCSP_Wx_Train_WFS:Shape><gml:Point><gml:pos>-9137631.7268711049 4765375.5373834744</gml:pos></gml:Point></NASCSP_Wx_Train_WFS:Shape><NASCSP_Wx_Train_WFS:Center>Corporation for Ohio Appalachian Development - (COAD) - Ohio Weatherization Training Center</NASCSP_Wx_Train_WFS:Center><NASCSP_Wx_Train_WFS:Address1>P.O. Box 787</NASCSP_Wx_Train_WFS:Address1><NASCSP_Wx_Train_WFS:City_1>Athens</NASCSP_Wx_Train_WFS:City_1><NASCSP_Wx_Train_WFS:State_1>OH</NASCSP_Wx_Train_WFS:State_1><NASCSP_Wx_Train_WFS:ZIP_1>45701</NASCSP_Wx_Train_WFS:ZIP_1><NASCSP_Wx_Train_WFS:CenterPhone>(740) 594-8499</NASCSP_Wx_Train_WFS:CenterPhone><NASCSP_Wx_Train_WFS:Website>http://www.coadinc.org</NASCSP_Wx_Train_WFS:Website></NASCSP_Wx_Train_WFS:Wx_Train></gml:featureMember><gml:featureMember><NASCSP_Wx_Train_WFS:Wx_Train gml:id='F3__4'><NASCSP_Wx_Train_WFS:OBJECTID>4</NASCSP_Wx_Train_WFS:OBJECTID><NASCSP_Wx_Train_WFS:Shape><gml:Point><gml:pos>-9595043.8128213901 4835624.4667376131</gml:pos></gml:Point></NASCSP_Wx_Train_WFS:Shape><NASCSP_Wx_Train_WFS:Center>Indiana Community Action Association</NASCSP_Wx_Train_WFS:Center><NASCSP_Wx_Train_WFS:Address1>1845 West 18th Street</NASCSP_Wx_Train_WFS:Address1><NASCSP_Wx_Train_WFS:City_1>Indianapolis</NASCSP_Wx_Train_WFS:City_1><NASCSP_Wx_Train_WFS:State_1>IN</NASCSP_Wx_Train_WFS:State_1><NASCSP_Wx_Train_WFS:ZIP_1>46202</NASCSP_Wx_Train_WFS:ZIP_1><NASCSP_Wx_Train_WFS:CenterPhone>(800) 382-9895</NASCSP_Wx_Train_WFS:CenterPhone><NASCSP_Wx_Train_WFS:Website>http://www.incap.org/wxcourses.htm</NASCSP_Wx_Train_WFS:Website></NASCSP_Wx_Train_WFS:Wx_Train></gml:featureMember><gml:featureMember><NASCSP_Wx_Train_WFS:Wx_Train gml:id='F3__5'><NASCSP_Wx_Train_WFS:OBJECTID>5</NASCSP_Wx_Train_WFS:OBJECTID><NASCSP_Wx_Train_WFS:Shape><gml:Point><gml:pos>-10749389.340640033 4747704.2843199372</gml:pos></gml:Point></NASCSP_Wx_Train_WFS:Shape><NASCSP_Wx_Train_WFS:Center>Kansas Building Science Institute</NASCSP_Wx_Train_WFS:Center><NASCSP_Wx_Train_WFS:Address1>P.O. Box 1264</NASCSP_Wx_Train_WFS:Address1><NASCSP_Wx_Train_WFS:City_1>Manhatten</NASCSP_Wx_Train_WFS:City_1><NASCSP_Wx_Train_WFS:State_1>KS</NASCSP_Wx_Train_WFS:State_1><NASCSP_Wx_Train_WFS:ZIP_1>66505</NASCSP_Wx_Train_WFS:ZIP_1><NASCSP_Wx_Train_WFS:CenterPhone>(877) 537-2425</NASCSP_Wx_Train_WFS:CenterPhone><NASCSP_Wx_Train_WFS:Website>http://www.kansasbuildingscience.com</NASCSP_Wx_Train_WFS:Website></NASCSP_Wx_Train_WFS:Wx_Train></gml:featureMember><gml:featureMember><NASCSP_Wx_Train_WFS:Wx_Train gml:id='F3__6'><NASCSP_Wx_Train_WFS:OBJECTID>6</NASCSP_Wx_Train_WFS:OBJECTID><NASCSP_Wx_Train_WFS:Shape><gml:Point><gml:pos>-10135868.977950148 3553203.8905750439</gml:pos></gml:Point></NASCSP_Wx_Train_WFS:Shape><NASCSP_Wx_Train_WFS:Center>Louisiana Association of Community Action Partnerships</NASCSP_Wx_Train_WFS:Center><NASCSP_Wx_Train_WFS:Address1>11637 Industriplex Boulevard</NASCSP_Wx_Train_WFS:Address1><NASCSP_Wx_Train_WFS:City_1>Baton Rouge</NASCSP_Wx_Train_WFS:City_1><NASCSP_Wx_Train_WFS:State_1>LA</NASCSP_Wx_Train_WFS:State_1><NASCSP_Wx_Train_WFS:ZIP_1>70809</NASCSP_Wx_Train_WFS:ZIP_1><NASCSP_Wx_Train_WFS:CenterPhone>(225) 298-3323</NASCSP_Wx_Train_WFS:CenterPhone><NASCSP_Wx_Train_WFS:Website>http://www.lacapinc.org</NASCSP_Wx_Train_WFS:Website></NASCSP_Wx_Train_WFS:Wx_Train></gml:featureMember><gml:featureMember><NASCSP_Wx_Train_WFS:Wx_Train gml:id='F3__7'><NASCSP_Wx_Train_WFS:OBJECTID>7</NASCSP_Wx_Train_WFS:OBJECTID><NASCSP_Wx_Train_WFS:Shape><gml:Point><gml:pos>-12361484.838578448 5726074.8049387336</gml:pos></gml:Point></NASCSP_Wx_Train_WFS:Shape><NASCSP_Wx_Train_WFS:Center>Montana Weatherization Training Center</NASCSP_Wx_Train_WFS:Center><NASCSP_Wx_Train_WFS:Address1>102 Taylor Hall</NASCSP_Wx_Train_WFS:Address1><NASCSP_Wx_Train_WFS:City_1>Bozeman</NASCSP_Wx_Train_WFS:City_1><NASCSP_Wx_Train_WFS:State_1>MT</NASCSP_Wx_Train_WFS:State_1><NASCSP_Wx_Train_WFS:ZIP_1>59717</NASCSP_Wx_Train_WFS:ZIP_1><NASCSP_Wx_Train_WFS:CenterPhone>(406) 994-5697</NASCSP_Wx_Train_WFS:CenterPhone><NASCSP_Wx_Train_WFS:Website>http://www.weatherization.org</NASCSP_Wx_Train_WFS:Website></NASCSP_Wx_Train_WFS:Wx_Train></gml:featureMember><gml:featureMember><NASCSP_Wx_Train_WFS:Wx_Train gml:id='F3__8'><NASCSP_Wx_Train_WFS:OBJECTID>8</NASCSP_Wx_Train_WFS:OBJECTID><NASCSP_Wx_Train_WFS:Shape><gml:Point><gml:pos>-8945725.1973781791 4458161.431623973</gml:pos></gml:Point></NASCSP_Wx_Train_WFS:Shape><NASCSP_Wx_Train_WFS:Center>New River Center for Energy Research and Training (NRCERT)</NASCSP_Wx_Train_WFS:Center><NASCSP_Wx_Train_WFS:Address1>550 Industrial Drive, NE</NASCSP_Wx_Train_WFS:Address1><NASCSP_Wx_Train_WFS:City_1>Christiansburg</NASCSP_Wx_Train_WFS:City_1><NASCSP_Wx_Train_WFS:State_1>VA</NASCSP_Wx_Train_WFS:State_1><NASCSP_Wx_Train_WFS:ZIP_1>24073</NASCSP_Wx_Train_WFS:ZIP_1><NASCSP_Wx_Train_WFS:CenterPhone> (540) 382-2002</NASCSP_Wx_Train_WFS:CenterPhone><NASCSP_Wx_Train_WFS:Website>http://www.nrcert.org</NASCSP_Wx_Train_WFS:Website></NASCSP_Wx_Train_WFS:Wx_Train></gml:featureMember><gml:featureMember><NASCSP_Wx_Train_WFS:Wx_Train gml:id='F3__9'><NASCSP_Wx_Train_WFS:OBJECTID>9</NASCSP_Wx_Train_WFS:OBJECTID><NASCSP_Wx_Train_WFS:Shape><gml:Point><gml:pos>-8464930.3493919205 5321262.1969190314</gml:pos></gml:Point></NASCSP_Wx_Train_WFS:Shape><NASCSP_Wx_Train_WFS:Center>New York State Weatherization Directors Association (NYSWDA)</NASCSP_Wx_Train_WFS:Center><NASCSP_Wx_Train_WFS:Address1>5869 Fisher Road</NASCSP_Wx_Train_WFS:Address1><NASCSP_Wx_Train_WFS:City_1>Syracuse</NASCSP_Wx_Train_WFS:City_1><NASCSP_Wx_Train_WFS:State_1>NY</NASCSP_Wx_Train_WFS:State_1><NASCSP_Wx_Train_WFS:ZIP_1>13057</NASCSP_Wx_Train_WFS:ZIP_1><NASCSP_Wx_Train_WFS:CenterPhone>(315) 701-0440</NASCSP_Wx_Train_WFS:CenterPhone><NASCSP_Wx_Train_WFS:Website>http://www.nyswda.org</NASCSP_Wx_Train_WFS:Website></NASCSP_Wx_Train_WFS:Wx_Train></gml:featureMember><gml:featureMember><NASCSP_Wx_Train_WFS:Wx_Train gml:id='F3__10'><NASCSP_Wx_Train_WFS:OBJECTID>10</NASCSP_Wx_Train_WFS:OBJECTID><NASCSP_Wx_Train_WFS:Shape><gml:Point><gml:pos>-13694711.803158537 5615085.9545018226</gml:pos></gml:Point></NASCSP_Wx_Train_WFS:Shape><NASCSP_Wx_Train_WFS:Center>Oregon Energy Coordinators Association&apos;s Northwest Research and Training Center for Energy and Weatherization (NRTCEW)</NASCSP_Wx_Train_WFS:Center><NASCSP_Wx_Train_WFS:Address1>945 Columbia Street, NE</NASCSP_Wx_Train_WFS:Address1><NASCSP_Wx_Train_WFS:City_1>Salem</NASCSP_Wx_Train_WFS:City_1><NASCSP_Wx_Train_WFS:State_1>OR</NASCSP_Wx_Train_WFS:State_1><NASCSP_Wx_Train_WFS:ZIP_1>97301</NASCSP_Wx_Train_WFS:ZIP_1><NASCSP_Wx_Train_WFS:CenterPhone>(503) 990-8221</NASCSP_Wx_Train_WFS:CenterPhone><NASCSP_Wx_Train_WFS:Website>http://www.warmandsafenow.com</NASCSP_Wx_Train_WFS:Website></NASCSP_Wx_Train_WFS:Wx_Train></gml:featureMember><gml:featureMember><NASCSP_Wx_Train_WFS:Wx_Train gml:id='F3__11'><NASCSP_Wx_Train_WFS:OBJECTID>11</NASCSP_Wx_Train_WFS:OBJECTID><NASCSP_Wx_Train_WFS:Shape><gml:Point><gml:pos>-13501744.63735548 4577976.1956302896</gml:pos></gml:Point></NASCSP_Wx_Train_WFS:Shape><NASCSP_Wx_Train_WFS:Center>PG&amp;E Stockton Training Center</NASCSP_Wx_Train_WFS:Center><NASCSP_Wx_Train_WFS:Address1>1129 Enterprise Street</NASCSP_Wx_Train_WFS:Address1><NASCSP_Wx_Train_WFS:City_1>Stockton</NASCSP_Wx_Train_WFS:City_1><NASCSP_Wx_Train_WFS:State_1>CA</NASCSP_Wx_Train_WFS:State_1><NASCSP_Wx_Train_WFS:ZIP_1>95204</NASCSP_Wx_Train_WFS:ZIP_1><NASCSP_Wx_Train_WFS:CenterPhone>(209) 465-6115</NASCSP_Wx_Train_WFS:CenterPhone><NASCSP_Wx_Train_WFS:Website>http://www.pge.com</NASCSP_Wx_Train_WFS:Website></NASCSP_Wx_Train_WFS:Wx_Train></gml:featureMember><gml:featureMember><NASCSP_Wx_Train_WFS:Wx_Train gml:id='F3__12'><NASCSP_Wx_Train_WFS:OBJECTID>12</NASCSP_Wx_Train_WFS:OBJECTID><NASCSP_Wx_Train_WFS:Shape><gml:Point><gml:pos>-7949346.6301333699 5202821.7668370456</gml:pos></gml:Point></NASCSP_Wx_Train_WFS:Shape><NASCSP_Wx_Train_WFS:Center>South Middlesex Opportunity Council - Green Jobs Academy</NASCSP_Wx_Train_WFS:Center><NASCSP_Wx_Train_WFS:Address1>300 Howard Street</NASCSP_Wx_Train_WFS:Address1><NASCSP_Wx_Train_WFS:City_1>Framingham</NASCSP_Wx_Train_WFS:City_1><NASCSP_Wx_Train_WFS:State_1>MA</NASCSP_Wx_Train_WFS:State_1><NASCSP_Wx_Train_WFS:ZIP_1>17020</NASCSP_Wx_Train_WFS:ZIP_1><NASCSP_Wx_Train_WFS:CenterPhone>(866) 397-8478</NASCSP_Wx_Train_WFS:CenterPhone><NASCSP_Wx_Train_WFS:Website>http://www.smoc.org</NASCSP_Wx_Train_WFS:Website></NASCSP_Wx_Train_WFS:Wx_Train></gml:featureMember><gml:featureMember><NASCSP_Wx_Train_WFS:Wx_Train gml:id='F3__13'><NASCSP_Wx_Train_WFS:OBJECTID>13</NASCSP_Wx_Train_WFS:OBJECTID><NASCSP_Wx_Train_WFS:Shape><gml:Point><gml:pos>-12473982.398202475 3959219.0457160547</gml:pos></gml:Point></NASCSP_Wx_Train_WFS:Shape><NASCSP_Wx_Train_WFS:Center>Southwest Building Science Training Center</NASCSP_Wx_Train_WFS:Center><NASCSP_Wx_Train_WFS:Address1>1201 East Thomas Road</NASCSP_Wx_Train_WFS:Address1><NASCSP_Wx_Train_WFS:City_1>Phoenix</NASCSP_Wx_Train_WFS:City_1><NASCSP_Wx_Train_WFS:State_1>AZ</NASCSP_Wx_Train_WFS:State_1><NASCSP_Wx_Train_WFS:ZIP_1>85014</NASCSP_Wx_Train_WFS:ZIP_1><NASCSP_Wx_Train_WFS:CenterPhone>(602) 285-0505</NASCSP_Wx_Train_WFS:CenterPhone><NASCSP_Wx_Train_WFS:Website>http://www.fsl.org</NASCSP_Wx_Train_WFS:Website></NASCSP_Wx_Train_WFS:Wx_Train></gml:featureMember><gml:featureMember><NASCSP_Wx_Train_WFS:Wx_Train gml:id='F3__14'><NASCSP_Wx_Train_WFS:OBJECTID>14</NASCSP_Wx_Train_WFS:OBJECTID><NASCSP_Wx_Train_WFS:Shape><gml:Point><gml:pos>-13639464.343825798 6237200.7639749125</gml:pos></gml:Point></NASCSP_Wx_Train_WFS:Shape><NASCSP_Wx_Train_WFS:Center>The Building Performance Center</NASCSP_Wx_Train_WFS:Center><NASCSP_Wx_Train_WFS:Address1>3406 Redwood Avenue</NASCSP_Wx_Train_WFS:Address1><NASCSP_Wx_Train_WFS:City_1>Bellingham</NASCSP_Wx_Train_WFS:City_1><NASCSP_Wx_Train_WFS:State_1>WA</NASCSP_Wx_Train_WFS:State_1><NASCSP_Wx_Train_WFS:ZIP_1>98225</NASCSP_Wx_Train_WFS:ZIP_1><NASCSP_Wx_Train_WFS:CenterPhone>(360) 734-5121</NASCSP_Wx_Train_WFS:CenterPhone><NASCSP_Wx_Train_WFS:Website>http://www.bpctrain.org</NASCSP_Wx_Train_WFS:Website></NASCSP_Wx_Train_WFS:Wx_Train></gml:featureMember><gml:featureMember><NASCSP_Wx_Train_WFS:Wx_Train gml:id='F3__15'><NASCSP_Wx_Train_WFS:OBJECTID>15</NASCSP_Wx_Train_WFS:OBJECTID><NASCSP_Wx_Train_WFS:Shape><gml:Point><gml:pos>-8574147.1869510952 5047063.2037428841</gml:pos></gml:Point></NASCSP_Wx_Train_WFS:Shape><NASCSP_Wx_Train_WFS:Center>Weatherization Training Center - Pennsylvania College of Technology</NASCSP_Wx_Train_WFS:Center><NASCSP_Wx_Train_WFS:Address1>One College Avenue</NASCSP_Wx_Train_WFS:Address1><NASCSP_Wx_Train_WFS:City_1>Williamsport</NASCSP_Wx_Train_WFS:City_1><NASCSP_Wx_Train_WFS:State_1>PA</NASCSP_Wx_Train_WFS:State_1><NASCSP_Wx_Train_WFS:ZIP_1>17701</NASCSP_Wx_Train_WFS:ZIP_1><NASCSP_Wx_Train_WFS:CenterPhone>(570) 327-4768</NASCSP_Wx_Train_WFS:CenterPhone><NASCSP_Wx_Train_WFS:Website>http://www.pct.edu/wtc</NASCSP_Wx_Train_WFS:Website></NASCSP_Wx_Train_WFS:Wx_Train></gml:featureMember><gml:featureMember><NASCSP_Wx_Train_WFS:Wx_Train gml:id='F3__16'><NASCSP_Wx_Train_WFS:OBJECTID>16</NASCSP_Wx_Train_WFS:OBJECTID><NASCSP_Wx_Train_WFS:Shape><gml:Point><gml:pos>-8229103.0078923628 4983631.347659789</gml:pos></gml:Point></NASCSP_Wx_Train_WFS:Shape><NASCSP_Wx_Train_WFS:Center>Association for Affordability, Inc. (AEA)</NASCSP_Wx_Train_WFS:Center><NASCSP_Wx_Train_WFS:Address1>105 Bruckner Blvd.</NASCSP_Wx_Train_WFS:Address1><NASCSP_Wx_Train_WFS:City_1>Bronx</NASCSP_Wx_Train_WFS:City_1><NASCSP_Wx_Train_WFS:State_1>NY</NASCSP_Wx_Train_WFS:State_1><NASCSP_Wx_Train_WFS:ZIP_1>10454</NASCSP_Wx_Train_WFS:ZIP_1><NASCSP_Wx_Train_WFS:CenterPhone>(718) 292-6733</NASCSP_Wx_Train_WFS:CenterPhone><NASCSP_Wx_Train_WFS:Website>http://www.aeanyc.org</NASCSP_Wx_Train_WFS:Website></NASCSP_Wx_Train_WFS:Wx_Train></gml:featureMember><gml:featureMember><NASCSP_Wx_Train_WFS:Wx_Train gml:id='F3__17'><NASCSP_Wx_Train_WFS:OBJECTID>17</NASCSP_Wx_Train_WFS:OBJECTID><NASCSP_Wx_Train_WFS:Shape><gml:Point><gml:pos>-8533959.049911214 4767784.7950528264</gml:pos></gml:Point></NASCSP_Wx_Train_WFS:Shape><NASCSP_Wx_Train_WFS:Center>Baltimore City Community College (BCCC)</NASCSP_Wx_Train_WFS:Center><NASCSP_Wx_Train_WFS:Address1>2901 Liberty Heights Avenue</NASCSP_Wx_Train_WFS:Address1><NASCSP_Wx_Train_WFS:City_1>Baltimore</NASCSP_Wx_Train_WFS:City_1><NASCSP_Wx_Train_WFS:State_1>MD</NASCSP_Wx_Train_WFS:State_1><NASCSP_Wx_Train_WFS:ZIP_1>21215</NASCSP_Wx_Train_WFS:ZIP_1><NASCSP_Wx_Train_WFS:CenterPhone>(410) 986-5545</NASCSP_Wx_Train_WFS:CenterPhone><NASCSP_Wx_Train_WFS:Website>http://www.bccc.edu</NASCSP_Wx_Train_WFS:Website></NASCSP_Wx_Train_WFS:Wx_Train></gml:featureMember><gml:featureMember><NASCSP_Wx_Train_WFS:Wx_Train gml:id='F3__18'><NASCSP_Wx_Train_WFS:OBJECTID>18</NASCSP_Wx_Train_WFS:OBJECTID><NASCSP_Wx_Train_WFS:Shape><gml:Point><gml:pos>-8242215.9528879244 4995496.1007409692</gml:pos></gml:Point></NASCSP_Wx_Train_WFS:Shape><NASCSP_Wx_Train_WFS:Center>Bergen County Community Action Partnership, Inc. (BCCAP)</NASCSP_Wx_Train_WFS:Center><NASCSP_Wx_Train_WFS:Address1>241 Moore Street</NASCSP_Wx_Train_WFS:Address1><NASCSP_Wx_Train_WFS:City_1>Hackensack</NASCSP_Wx_Train_WFS:City_1><NASCSP_Wx_Train_WFS:State_1>NJ</NASCSP_Wx_Train_WFS:State_1><NASCSP_Wx_Train_WFS:ZIP_1>7601</NASCSP_Wx_Train_WFS:ZIP_1><NASCSP_Wx_Train_WFS:CenterPhone>(201) 968-0200</NASCSP_Wx_Train_WFS:CenterPhone><NASCSP_Wx_Train_WFS:Website>http://www.bergencap.org
</NASCSP_Wx_Train_WFS:Website></NASCSP_Wx_Train_WFS:Wx_Train></gml:featureMember><gml:featureMember><NASCSP_Wx_Train_WFS:Wx_Train gml:id='F3__19'><NASCSP_Wx_Train_WFS:OBJECTID>19</NASCSP_Wx_Train_WFS:OBJECTID><NASCSP_Wx_Train_WFS:Shape><gml:Point><gml:pos>-8345142.6022590771 4901211.5587590337</gml:pos></gml:Point></NASCSP_Wx_Train_WFS:Shape><NASCSP_Wx_Train_WFS:Center>Bucks County Community College</NASCSP_Wx_Train_WFS:Center><NASCSP_Wx_Train_WFS:Address1>275 Swamp Road</NASCSP_Wx_Train_WFS:Address1><NASCSP_Wx_Train_WFS:City_1>Newtown</NASCSP_Wx_Train_WFS:City_1><NASCSP_Wx_Train_WFS:State_1>PA</NASCSP_Wx_Train_WFS:State_1><NASCSP_Wx_Train_WFS:ZIP_1>18940</NASCSP_Wx_Train_WFS:ZIP_1><NASCSP_Wx_Train_WFS:CenterPhone>(215) 504-8532</NASCSP_Wx_Train_WFS:CenterPhone><NASCSP_Wx_Train_WFS:Website>http://www.bucks.edu</NASCSP_Wx_Train_WFS:Website></NASCSP_Wx_Train_WFS:Wx_Train></gml:featureMember><gml:featureMember><NASCSP_Wx_Train_WFS:Wx_Train gml:id='F3__20'><NASCSP_Wx_Train_WFS:OBJECTID>20</NASCSP_Wx_Train_WFS:OBJECTID><NASCSP_Wx_Train_WFS:Shape><gml:Point><gml:pos>-14963014.49937306 8030897.6321389079</gml:pos></gml:Point></NASCSP_Wx_Train_WFS:Shape><NASCSP_Wx_Train_WFS:Center>Central Council Tlingit and Haida Indian Tribes of Alaska (CCTHITA)</NASCSP_Wx_Train_WFS:Center><NASCSP_Wx_Train_WFS:Address1>320 Willoughby Avenue</NASCSP_Wx_Train_WFS:Address1><NASCSP_Wx_Train_WFS:Address2>Suite 300</NASCSP_Wx_Train_WFS:Address2><NASCSP_Wx_Train_WFS:City_1>Juneau</NASCSP_Wx_Train_WFS:City_1><NASCSP_Wx_Train_WFS:State_1>AK</NASCSP_Wx_Train_WFS:State_1><NASCSP_Wx_Train_WFS:ZIP_1>99801</NASCSP_Wx_Train_WFS:ZIP_1><NASCSP_Wx_Train_WFS:CenterPhone>(907) 463-7156</NASCSP_Wx_Train_WFS:CenterPhone><NASCSP_Wx_Train_WFS:Website>http://www.ccthita.org</NASCSP_Wx_Train_WFS:Website></NASCSP_Wx_Train_WFS:Wx_Train></gml:featureMember><gml:featureMember><NASCSP_Wx_Train_WFS:Wx_Train gml:id='F3__21'><NASCSP_Wx_Train_WFS:OBJECTID>21</NASCSP_Wx_Train_WFS:OBJECTID><NASCSP_Wx_Train_WFS:Shape><gml:Point><gml:pos>-13176453.118624575 4020518.42200692</gml:pos></gml:Point></NASCSP_Wx_Train_WFS:Shape><NASCSP_Wx_Train_WFS:Center>Century Center for Economic Opportunity, Inc. (CCEO)</NASCSP_Wx_Train_WFS:Center><NASCSP_Wx_Train_WFS:Address1>5021 Lennox Blvd.</NASCSP_Wx_Train_WFS:Address1><NASCSP_Wx_Train_WFS:City_1>Lennox</NASCSP_Wx_Train_WFS:City_1><NASCSP_Wx_Train_WFS:State_1>CA</NASCSP_Wx_Train_WFS:State_1><NASCSP_Wx_Train_WFS:ZIP_1>90304</NASCSP_Wx_Train_WFS:ZIP_1><NASCSP_Wx_Train_WFS:CenterPhone>(877) 527-8119</NASCSP_Wx_Train_WFS:CenterPhone><NASCSP_Wx_Train_WFS:Website>http://www.cceoinc.org</NASCSP_Wx_Train_WFS:Website></NASCSP_Wx_Train_WFS:Wx_Train></gml:featureMember><gml:featureMember><NASCSP_Wx_Train_WFS:Wx_Train gml:id='F3__22'><NASCSP_Wx_Train_WFS:OBJECTID>22</NASCSP_Wx_Train_WFS:OBJECTID><NASCSP_Wx_Train_WFS:Shape><gml:Point><gml:pos>-11686577.816237263 4828453.0060911179</gml:pos></gml:Point></NASCSP_Wx_Train_WFS:Shape><NASCSP_Wx_Train_WFS:Center>Colorado Governor&apos;s Energy Office</NASCSP_Wx_Train_WFS:Center><NASCSP_Wx_Train_WFS:Address1>1580 Logan Street</NASCSP_Wx_Train_WFS:Address1><NASCSP_Wx_Train_WFS:City_1>Denver</NASCSP_Wx_Train_WFS:City_1><NASCSP_Wx_Train_WFS:State_1>CO</NASCSP_Wx_Train_WFS:State_1><NASCSP_Wx_Train_WFS:ZIP_1>80203</NASCSP_Wx_Train_WFS:ZIP_1><NASCSP_Wx_Train_WFS:CenterPhone>(719) 263-4048</NASCSP_Wx_Train_WFS:CenterPhone><NASCSP_Wx_Train_WFS:Website>http://www.rechargecolorado.com</NASCSP_Wx_Train_WFS:Website></NASCSP_Wx_Train_WFS:Wx_Train></gml:featureMember><gml:featureMember><NASCSP_Wx_Train_WFS:Wx_Train gml:id='F3__23'><NASCSP_Wx_Train_WFS:OBJECTID>23</NASCSP_Wx_Train_WFS:OBJECTID><NASCSP_Wx_Train_WFS:Shape><gml:Point><gml:pos>-8945725.1973781791 4458161.431623973</gml:pos></gml:Point></NASCSP_Wx_Train_WFS:Shape><NASCSP_Wx_Train_WFS:Center>Community Housing Partners Corporation (CHP)</NASCSP_Wx_Train_WFS:Center><NASCSP_Wx_Train_WFS:Address1>550 Industrial Drive, NE</NASCSP_Wx_Train_WFS:Address1><NASCSP_Wx_Train_WFS:City_1>Christiansburg</NASCSP_Wx_Train_WFS:City_1><NASCSP_Wx_Train_WFS:State_1>VA</NASCSP_Wx_Train_WFS:State_1><NASCSP_Wx_Train_WFS:ZIP_1>24073</NASCSP_Wx_Train_WFS:ZIP_1><NASCSP_Wx_Train_WFS:CenterPhone>(540) 382-2002</NASCSP_Wx_Train_WFS:CenterPhone><NASCSP_Wx_Train_WFS:Website>http://www.communityhousingpartners.org</NASCSP_Wx_Train_WFS:Website></NASCSP_Wx_Train_WFS:Wx_Train></gml:featureMember><gml:featureMember><NASCSP_Wx_Train_WFS:Wx_Train gml:id='F3__24'><NASCSP_Wx_Train_WFS:OBJECTID>24</NASCSP_Wx_Train_WFS:OBJECTID><NASCSP_Wx_Train_WFS:Shape><gml:Point><gml:pos>-9135879.2899190634 4770348.8392160386</gml:pos></gml:Point></NASCSP_Wx_Train_WFS:Shape><NASCSP_Wx_Train_WFS:Center>Corporation for Ohio Appalachian Development, Inc. (COAD)</NASCSP_Wx_Train_WFS:Center><NASCSP_Wx_Train_WFS:Address1>1 Pinchot Place</NASCSP_Wx_Train_WFS:Address1><NASCSP_Wx_Train_WFS:City_1>Athens</NASCSP_Wx_Train_WFS:City_1><NASCSP_Wx_Train_WFS:State_1>OH</NASCSP_Wx_Train_WFS:State_1><NASCSP_Wx_Train_WFS:ZIP_1>45701</NASCSP_Wx_Train_WFS:ZIP_1><NASCSP_Wx_Train_WFS:CenterPhone>(740) 594-8499</NASCSP_Wx_Train_WFS:CenterPhone><NASCSP_Wx_Train_WFS:Website>http://www.coadinc.org</NASCSP_Wx_Train_WFS:Website></NASCSP_Wx_Train_WFS:Wx_Train></gml:featureMember><gml:featureMember><NASCSP_Wx_Train_WFS:Wx_Train gml:id='F3__25'><NASCSP_Wx_Train_WFS:OBJECTID>25</NASCSP_Wx_Train_WFS:OBJECTID><NASCSP_Wx_Train_WFS:Shape><gml:Point><gml:pos>-9253052.0975619089 5220997.0844370723</gml:pos></gml:Point></NASCSP_Wx_Train_WFS:Shape><NASCSP_Wx_Train_WFS:Center>Focus: HOPE</NASCSP_Wx_Train_WFS:Center><NASCSP_Wx_Train_WFS:Address1>1355 Oakman Boulevard</NASCSP_Wx_Train_WFS:Address1><NASCSP_Wx_Train_WFS:City_1>Detroit</NASCSP_Wx_Train_WFS:City_1><NASCSP_Wx_Train_WFS:State_1>MI</NASCSP_Wx_Train_WFS:State_1><NASCSP_Wx_Train_WFS:ZIP_1>48238</NASCSP_Wx_Train_WFS:ZIP_1><NASCSP_Wx_Train_WFS:CenterPhone>(313) 494-4752</NASCSP_Wx_Train_WFS:CenterPhone><NASCSP_Wx_Train_WFS:Website>http://www.focushope.edu</NASCSP_Wx_Train_WFS:Website></NASCSP_Wx_Train_WFS:Wx_Train></gml:featureMember><gml:featureMember><NASCSP_Wx_Train_WFS:Wx_Train gml:id='F3__26'><NASCSP_Wx_Train_WFS:OBJECTID>26</NASCSP_Wx_Train_WFS:OBJECTID><NASCSP_Wx_Train_WFS:Shape><gml:Point><gml:pos>-12473982.398202475 3959219.0457160547</gml:pos></gml:Point></NASCSP_Wx_Train_WFS:Shape><NASCSP_Wx_Train_WFS:Center>Foundation for Senior Living (FSL) Home Improvements</NASCSP_Wx_Train_WFS:Center><NASCSP_Wx_Train_WFS:Address1>1201 East Thomas Road</NASCSP_Wx_Train_WFS:Address1><NASCSP_Wx_Train_WFS:City_1>Phoenix</NASCSP_Wx_Train_WFS:City_1><NASCSP_Wx_Train_WFS:State_1>AZ</NASCSP_Wx_Train_WFS:State_1><NASCSP_Wx_Train_WFS:ZIP_1>85014</NASCSP_Wx_Train_WFS:ZIP_1><NASCSP_Wx_Train_WFS:CenterPhone>(602) 285-1800</NASCSP_Wx_Train_WFS:CenterPhone><NASCSP_Wx_Train_WFS:Website>http://www.swbstc.org</NASCSP_Wx_Train_WFS:Website></NASCSP_Wx_Train_WFS:Wx_Train></gml:featureMember><gml:featureMember><NASCSP_Wx_Train_WFS:Wx_Train gml:id='F3__27'><NASCSP_Wx_Train_WFS:OBJECTID>27</NASCSP_Wx_Train_WFS:OBJECTID><NASCSP_Wx_Train_WFS:Shape><gml:Point><gml:pos>-8503995.3620204479 4450451.1382177472</gml:pos></gml:Point></NASCSP_Wx_Train_WFS:Shape><NASCSP_Wx_Train_WFS:Center>Green Jobs Alliance</NASCSP_Wx_Train_WFS:Center><NASCSP_Wx_Train_WFS:Address1>144 Research Drive</NASCSP_Wx_Train_WFS:Address1><NASCSP_Wx_Train_WFS:City_1>Hampton</NASCSP_Wx_Train_WFS:City_1><NASCSP_Wx_Train_WFS:State_1>VA</NASCSP_Wx_Train_WFS:State_1><NASCSP_Wx_Train_WFS:ZIP_1>23666</NASCSP_Wx_Train_WFS:ZIP_1><NASCSP_Wx_Train_WFS:CenterPhone>(757) 788-9073</NASCSP_Wx_Train_WFS:CenterPhone><NASCSP_Wx_Train_WFS:Website>http://www.greenjobsalliance.org</NASCSP_Wx_Train_WFS:Website></NASCSP_Wx_Train_WFS:Wx_Train></gml:featureMember><gml:featureMember><NASCSP_Wx_Train_WFS:Wx_Train gml:id='F3__28'><NASCSP_Wx_Train_WFS:OBJECTID>28</NASCSP_Wx_Train_WFS:OBJECTID><NASCSP_Wx_Train_WFS:Shape><gml:Point><gml:pos>-9595043.8128213901 4835624.4667376131</gml:pos></gml:Point></NASCSP_Wx_Train_WFS:Shape><NASCSP_Wx_Train_WFS:Center>Indiana Community Action Association (IN-CAA)</NASCSP_Wx_Train_WFS:Center><NASCSP_Wx_Train_WFS:Address1>1845 West 18th Street</NASCSP_Wx_Train_WFS:Address1><NASCSP_Wx_Train_WFS:City_1>Indianapolis</NASCSP_Wx_Train_WFS:City_1><NASCSP_Wx_Train_WFS:State_1>IN</NASCSP_Wx_Train_WFS:State_1><NASCSP_Wx_Train_WFS:ZIP_1>46202</NASCSP_Wx_Train_WFS:ZIP_1><NASCSP_Wx_Train_WFS:CenterPhone>(800) 382-9895</NASCSP_Wx_Train_WFS:CenterPhone><NASCSP_Wx_Train_WFS:Website>http://www.incap.org</NASCSP_Wx_Train_WFS:Website></NASCSP_Wx_Train_WFS:Wx_Train></gml:featureMember><gml:featureMember><NASCSP_Wx_Train_WFS:Wx_Train gml:id='F3__29'><NASCSP_Wx_Train_WFS:OBJECTID>29</NASCSP_Wx_Train_WFS:OBJECTID><NASCSP_Wx_Train_WFS:Shape><gml:Point><gml:pos>-9450991.3003894072 4604608.8281330243</gml:pos></gml:Point></NASCSP_Wx_Train_WFS:Shape><NASCSP_Wx_Train_WFS:Center>Kentucky Housing Corporation (KHC)</NASCSP_Wx_Train_WFS:Center><NASCSP_Wx_Train_WFS:Address1>1231 Louisville Road</NASCSP_Wx_Train_WFS:Address1><NASCSP_Wx_Train_WFS:City_1>Frankfort</NASCSP_Wx_Train_WFS:City_1><NASCSP_Wx_Train_WFS:State_1>KY</NASCSP_Wx_Train_WFS:State_1><NASCSP_Wx_Train_WFS:ZIP_1>40601</NASCSP_Wx_Train_WFS:ZIP_1><NASCSP_Wx_Train_WFS:CenterPhone>(502) 564-7630</NASCSP_Wx_Train_WFS:CenterPhone><NASCSP_Wx_Train_WFS:Website>http://www.kyhousing.org</NASCSP_Wx_Train_WFS:Website></NASCSP_Wx_Train_WFS:Wx_Train></gml:featureMember><gml:featureMember><NASCSP_Wx_Train_WFS:Wx_Train gml:id='F3__30'><NASCSP_Wx_Train_WFS:OBJECTID>30</NASCSP_Wx_Train_WFS:OBJECTID><NASCSP_Wx_Train_WFS:Shape><gml:Point><gml:pos>-13164673.143887747 4032685.2152274325</gml:pos></gml:Point></NASCSP_Wx_Train_WFS:Shape><NASCSP_Wx_Train_WFS:Center>Los Angeles Trade and Technical College (LATTC)</NASCSP_Wx_Train_WFS:Center><NASCSP_Wx_Train_WFS:Address1>400 West Washington Boulevard</NASCSP_Wx_Train_WFS:Address1><NASCSP_Wx_Train_WFS:City_1>Los Angeles</NASCSP_Wx_Train_WFS:City_1><NASCSP_Wx_Train_WFS:State_1>CA</NASCSP_Wx_Train_WFS:State_1><NASCSP_Wx_Train_WFS:ZIP_1>90015</NASCSP_Wx_Train_WFS:ZIP_1><NASCSP_Wx_Train_WFS:CenterPhone>(213) 763-7036</NASCSP_Wx_Train_WFS:CenterPhone><NASCSP_Wx_Train_WFS:Website>http://college.lattc.edu</NASCSP_Wx_Train_WFS:Website></NASCSP_Wx_Train_WFS:Wx_Train></gml:featureMember><gml:featureMember><NASCSP_Wx_Train_WFS:Wx_Train gml:id='F3__31'><NASCSP_Wx_Train_WFS:OBJECTID>31</NASCSP_Wx_Train_WFS:OBJECTID><NASCSP_Wx_Train_WFS:Shape><gml:Point><gml:pos>-10135868.977950148 3553203.8905750439</gml:pos></gml:Point></NASCSP_Wx_Train_WFS:Shape><NASCSP_Wx_Train_WFS:Center>Louisiana Association of Community Action Partnerships (LACAP)</NASCSP_Wx_Train_WFS:Center><NASCSP_Wx_Train_WFS:Address1>11637 Industriplex Boulevard</NASCSP_Wx_Train_WFS:Address1><NASCSP_Wx_Train_WFS:City_1>Baton Rouge</NASCSP_Wx_Train_WFS:City_1><NASCSP_Wx_Train_WFS:State_1>LA</NASCSP_Wx_Train_WFS:State_1><NASCSP_Wx_Train_WFS:ZIP_1>70809</NASCSP_Wx_Train_WFS:ZIP_1><NASCSP_Wx_Train_WFS:CenterPhone>(225) 298-3323</NASCSP_Wx_Train_WFS:CenterPhone><NASCSP_Wx_Train_WFS:Website>http://www.lacapinc.org</NASCSP_Wx_Train_WFS:Website></NASCSP_Wx_Train_WFS:Wx_Train></gml:featureMember><gml:featureMember><NASCSP_Wx_Train_WFS:Wx_Train gml:id='F3__32'><NASCSP_Wx_Train_WFS:OBJECTID>32</NASCSP_Wx_Train_WFS:OBJECTID><NASCSP_Wx_Train_WFS:Shape><gml:Point><gml:pos>-7767325.2175107747 5514006.5680915713</gml:pos></gml:Point></NASCSP_Wx_Train_WFS:Shape><NASCSP_Wx_Train_WFS:Center>Maine State Housing Authority (MaineHousing)</NASCSP_Wx_Train_WFS:Center><NASCSP_Wx_Train_WFS:Address1>353 Water Street</NASCSP_Wx_Train_WFS:Address1><NASCSP_Wx_Train_WFS:City_1>Augusta</NASCSP_Wx_Train_WFS:City_1><NASCSP_Wx_Train_WFS:State_1>ME</NASCSP_Wx_Train_WFS:State_1><NASCSP_Wx_Train_WFS:ZIP_1>4330</NASCSP_Wx_Train_WFS:ZIP_1><NASCSP_Wx_Train_WFS:CenterPhone>(207) 624-5704</NASCSP_Wx_Train_WFS:CenterPhone><NASCSP_Wx_Train_WFS:Website>http://www.mainehousing.org</NASCSP_Wx_Train_WFS:Website></NASCSP_Wx_Train_WFS:Wx_Train></gml:featureMember><gml:featureMember><NASCSP_Wx_Train_WFS:Wx_Train gml:id='F3__33'><NASCSP_Wx_Train_WFS:OBJECTID>33</NASCSP_Wx_Train_WFS:OBJECTID><NASCSP_Wx_Train_WFS:Shape><gml:Point><gml:pos>-11872452.793702817 4174996.7442809194</gml:pos></gml:Point></NASCSP_Wx_Train_WFS:Shape><NASCSP_Wx_Train_WFS:Center>New Mexico Mortgage Finance Authority (MFA)</NASCSP_Wx_Train_WFS:Center><NASCSP_Wx_Train_WFS:Address1>344 4th Street, SW</NASCSP_Wx_Train_WFS:Address1><NASCSP_Wx_Train_WFS:City_1>Albuquerque</NASCSP_Wx_Train_WFS:City_1><NASCSP_Wx_Train_WFS:State_1>NM</NASCSP_Wx_Train_WFS:State_1><NASCSP_Wx_Train_WFS:ZIP_1>87102</NASCSP_Wx_Train_WFS:ZIP_1><NASCSP_Wx_Train_WFS:CenterPhone>(505) 767-2256</NASCSP_Wx_Train_WFS:CenterPhone><NASCSP_Wx_Train_WFS:Website>http://www.housingnm.org</NASCSP_Wx_Train_WFS:Website></NASCSP_Wx_Train_WFS:Wx_Train></gml:featureMember><gml:featureMember><NASCSP_Wx_Train_WFS:Wx_Train gml:id='F3__34'><NASCSP_Wx_Train_WFS:OBJECTID>34</NASCSP_Wx_Train_WFS:OBJECTID><NASCSP_Wx_Train_WFS:Shape><gml:Point><gml:pos>-13694711.803158537 5615085.9545018226</gml:pos></gml:Point></NASCSP_Wx_Train_WFS:Shape><NASCSP_Wx_Train_WFS:Center>Oregon Energy Coordinators Association (OECA)</NASCSP_Wx_Train_WFS:Center><NASCSP_Wx_Train_WFS:Address1>945 Columbia Street, NE</NASCSP_Wx_Train_WFS:Address1><NASCSP_Wx_Train_WFS:City_1>Salem</NASCSP_Wx_Train_WFS:City_1><NASCSP_Wx_Train_WFS:State_1>OR</NASCSP_Wx_Train_WFS:State_1><NASCSP_Wx_Train_WFS:ZIP_1>97301</NASCSP_Wx_Train_WFS:ZIP_1><NASCSP_Wx_Train_WFS:CenterPhone>(503) 990-8221</NASCSP_Wx_Train_WFS:CenterPhone><NASCSP_Wx_Train_WFS:Website>http://www.warmandsafenow.com</NASCSP_Wx_Train_WFS:Website></NASCSP_Wx_Train_WFS:Wx_Train></gml:featureMember><gml:featureMember><NASCSP_Wx_Train_WFS:Wx_Train gml:id='F3__35'><NASCSP_Wx_Train_WFS:OBJECTID>35</NASCSP_Wx_Train_WFS:OBJECTID><NASCSP_Wx_Train_WFS:Shape><gml:Point><gml:pos>-8574147.1869510952 5047063.2037428841</gml:pos></gml:Point></NASCSP_Wx_Train_WFS:Shape><NASCSP_Wx_Train_WFS:Center>Pennsylvania College of Technology (PCT)</NASCSP_Wx_Train_WFS:Center><NASCSP_Wx_Train_WFS:Address1>One College Avenue</NASCSP_Wx_Train_WFS:Address1><NASCSP_Wx_Train_WFS:City_1>Williamsport</NASCSP_Wx_Train_WFS:City_1><NASCSP_Wx_Train_WFS:State_1>PA</NASCSP_Wx_Train_WFS:State_1><NASCSP_Wx_Train_WFS:ZIP_1>17701</NASCSP_Wx_Train_WFS:ZIP_1><NASCSP_Wx_Train_WFS:CenterPhone>(570) 320-2400</NASCSP_Wx_Train_WFS:CenterPhone><NASCSP_Wx_Train_WFS:Website>http://www.pct.edu</NASCSP_Wx_Train_WFS:Website></NASCSP_Wx_Train_WFS:Wx_Train></gml:featureMember><gml:featureMember><NASCSP_Wx_Train_WFS:Wx_Train gml:id='F3__36'><NASCSP_Wx_Train_WFS:OBJECTID>36</NASCSP_Wx_Train_WFS:OBJECTID><NASCSP_Wx_Train_WFS:Shape><gml:Point><gml:pos>-10274734.363676641 4134641.1209656373</gml:pos></gml:Point></NASCSP_Wx_Train_WFS:Shape><NASCSP_Wx_Train_WFS:Center>Pulaski Technical College (PTC)</NASCSP_Wx_Train_WFS:Center><NASCSP_Wx_Train_WFS:Address1>3000 West Scenic Drive</NASCSP_Wx_Train_WFS:Address1><NASCSP_Wx_Train_WFS:City_1>North Little Rock</NASCSP_Wx_Train_WFS:City_1><NASCSP_Wx_Train_WFS:State_1>AR</NASCSP_Wx_Train_WFS:State_1><NASCSP_Wx_Train_WFS:ZIP_1>72118</NASCSP_Wx_Train_WFS:ZIP_1><NASCSP_Wx_Train_WFS:CenterPhone>(501) 907-6670</NASCSP_Wx_Train_WFS:CenterPhone><NASCSP_Wx_Train_WFS:Website>http://www.pulaskitech.edu</NASCSP_Wx_Train_WFS:Website></NASCSP_Wx_Train_WFS:Wx_Train></gml:featureMember><gml:featureMember><NASCSP_Wx_Train_WFS:Wx_Train gml:id='F3__37'><NASCSP_Wx_Train_WFS:OBJECTID>37</NASCSP_Wx_Train_WFS:OBJECTID><NASCSP_Wx_Train_WFS:Shape><gml:Point><gml:pos>-7949346.6301333699 5202821.7668370456</gml:pos></gml:Point></NASCSP_Wx_Train_WFS:Shape><NASCSP_Wx_Train_WFS:Center>South Middlesex Opportunity Council (SMOC)</NASCSP_Wx_Train_WFS:Center><NASCSP_Wx_Train_WFS:Address1>300 Howard Street</NASCSP_Wx_Train_WFS:Address1><NASCSP_Wx_Train_WFS:City_1>Framingham</NASCSP_Wx_Train_WFS:City_1><NASCSP_Wx_Train_WFS:State_1>MA</NASCSP_Wx_Train_WFS:State_1><NASCSP_Wx_Train_WFS:ZIP_1>1702</NASCSP_Wx_Train_WFS:ZIP_1><NASCSP_Wx_Train_WFS:CenterPhone>(508) 872-4853</NASCSP_Wx_Train_WFS:CenterPhone><NASCSP_Wx_Train_WFS:Website>http://www.smoc.org</NASCSP_Wx_Train_WFS:Website></NASCSP_Wx_Train_WFS:Wx_Train></gml:featureMember><gml:featureMember><NASCSP_Wx_Train_WFS:Wx_Train gml:id='F3__38'><NASCSP_Wx_Train_WFS:OBJECTID>38</NASCSP_Wx_Train_WFS:OBJECTID><NASCSP_Wx_Train_WFS:Shape><gml:Point><gml:pos>-9393119.1514040697 3997618.5875717252</gml:pos></gml:Point></NASCSP_Wx_Train_WFS:Shape><NASCSP_Wx_Train_WFS:Center>Southface Energy Institute</NASCSP_Wx_Train_WFS:Center><NASCSP_Wx_Train_WFS:Address1>241 Pine Street, NE</NASCSP_Wx_Train_WFS:Address1><NASCSP_Wx_Train_WFS:City_1>Atlanta</NASCSP_Wx_Train_WFS:City_1><NASCSP_Wx_Train_WFS:State_1>GA</NASCSP_Wx_Train_WFS:State_1><NASCSP_Wx_Train_WFS:ZIP_1>30308</NASCSP_Wx_Train_WFS:ZIP_1><NASCSP_Wx_Train_WFS:CenterPhone>(404) 872-3549</NASCSP_Wx_Train_WFS:CenterPhone><NASCSP_Wx_Train_WFS:Website>http://www.southface.org</NASCSP_Wx_Train_WFS:Website></NASCSP_Wx_Train_WFS:Wx_Train></gml:featureMember><gml:featureMember><NASCSP_Wx_Train_WFS:Wx_Train gml:id='F3__39'><NASCSP_Wx_Train_WFS:OBJECTID>39</NASCSP_Wx_Train_WFS:OBJECTID><NASCSP_Wx_Train_WFS:Shape><gml:Point><gml:pos>-12466225.728098467 5876629.4415195361</gml:pos></gml:Point></NASCSP_Wx_Train_WFS:Shape><NASCSP_Wx_Train_WFS:Center>State of Montana</NASCSP_Wx_Train_WFS:Center><NASCSP_Wx_Train_WFS:Address1>1400 Carter Drive</NASCSP_Wx_Train_WFS:Address1><NASCSP_Wx_Train_WFS:Address2>P.O. Box 202956</NASCSP_Wx_Train_WFS:Address2><NASCSP_Wx_Train_WFS:City_1>Helena</NASCSP_Wx_Train_WFS:City_1><NASCSP_Wx_Train_WFS:State_1>MT</NASCSP_Wx_Train_WFS:State_1><NASCSP_Wx_Train_WFS:ZIP_1>59601</NASCSP_Wx_Train_WFS:ZIP_1><NASCSP_Wx_Train_WFS:CenterPhone>(406) 994-5697</NASCSP_Wx_Train_WFS:CenterPhone><NASCSP_Wx_Train_WFS:Website>http://www.weatherization.org</NASCSP_Wx_Train_WFS:Website></NASCSP_Wx_Train_WFS:Wx_Train></gml:featureMember><gml:featureMember><NASCSP_Wx_Train_WFS:Wx_Train gml:id='F3__40'><NASCSP_Wx_Train_WFS:OBJECTID>40</NASCSP_Wx_Train_WFS:OBJECTID><NASCSP_Wx_Train_WFS:Shape><gml:Point><gml:pos>-9821496.0337251984 4881697.3010619432</gml:pos></gml:Point></NASCSP_Wx_Train_WFS:Shape><NASCSP_Wx_Train_WFS:Center>The Board of Trustees of the University of Illinois</NASCSP_Wx_Train_WFS:Center><NASCSP_Wx_Train_WFS:Address1>352 Henry Administration Building</NASCSP_Wx_Train_WFS:Address1><NASCSP_Wx_Train_WFS:Address2>MC-350, 506 South Wright Street</NASCSP_Wx_Train_WFS:Address2><NASCSP_Wx_Train_WFS:City_1>Champaign</NASCSP_Wx_Train_WFS:City_1><NASCSP_Wx_Train_WFS:State_1>IL</NASCSP_Wx_Train_WFS:State_1><NASCSP_Wx_Train_WFS:ZIP_1>61820</NASCSP_Wx_Train_WFS:ZIP_1><NASCSP_Wx_Train_WFS:CenterPhone>(217) 333-1948</NASCSP_Wx_Train_WFS:CenterPhone><NASCSP_Wx_Train_WFS:Website>http://www.uillinois.edu</NASCSP_Wx_Train_WFS:Website></NASCSP_Wx_Train_WFS:Wx_Train></gml:featureMember><gml:featureMember><NASCSP_Wx_Train_WFS:Wx_Train gml:id='F3__41'><NASCSP_Wx_Train_WFS:OBJECTID>41</NASCSP_Wx_Train_WFS:OBJECTID><NASCSP_Wx_Train_WFS:Shape><gml:Point><gml:pos>-8147894.5705694482 5038598.6548937261</gml:pos></gml:Point></NASCSP_Wx_Train_WFS:Shape><NASCSP_Wx_Train_WFS:Center>The WorkPlace, Inc.</NASCSP_Wx_Train_WFS:Center><NASCSP_Wx_Train_WFS:Address1>350 Fairfield Avenue</NASCSP_Wx_Train_WFS:Address1><NASCSP_Wx_Train_WFS:City_1>Bridgeport</NASCSP_Wx_Train_WFS:City_1><NASCSP_Wx_Train_WFS:State_1>CT</NASCSP_Wx_Train_WFS:State_1><NASCSP_Wx_Train_WFS:ZIP_1>6604</NASCSP_Wx_Train_WFS:ZIP_1><NASCSP_Wx_Train_WFS:CenterPhone>(203) 610-8500</NASCSP_Wx_Train_WFS:CenterPhone><NASCSP_Wx_Train_WFS:Website>http://www.workplace.org</NASCSP_Wx_Train_WFS:Website></NASCSP_Wx_Train_WFS:Wx_Train></gml:featureMember><gml:featureMember><NASCSP_Wx_Train_WFS:Wx_Train gml:id='F3__42'><NASCSP_Wx_Train_WFS:OBJECTID>42</NASCSP_Wx_Train_WFS:OBJECTID><NASCSP_Wx_Train_WFS:Shape><gml:Point><gml:pos>-9039171.8743803501 3323295.2297781333</gml:pos></gml:Point></NASCSP_Wx_Train_WFS:Shape><NASCSP_Wx_Train_WFS:Center>University of Central Florida/Florida Solar Energy Center (FSEC)</NASCSP_Wx_Train_WFS:Center><NASCSP_Wx_Train_WFS:Address1>12201 Research Parkway</NASCSP_Wx_Train_WFS:Address1><NASCSP_Wx_Train_WFS:Address2>Suite 501</NASCSP_Wx_Train_WFS:Address2><NASCSP_Wx_Train_WFS:City_1>Orlando</NASCSP_Wx_Train_WFS:City_1><NASCSP_Wx_Train_WFS:State_1>FL</NASCSP_Wx_Train_WFS:State_1><NASCSP_Wx_Train_WFS:ZIP_1>32826</NASCSP_Wx_Train_WFS:ZIP_1><NASCSP_Wx_Train_WFS:CenterPhone>(321) 638-1409</NASCSP_Wx_Train_WFS:CenterPhone><NASCSP_Wx_Train_WFS:Website>http://www.fsec.ucf.edu/en</NASCSP_Wx_Train_WFS:Website></NASCSP_Wx_Train_WFS:Wx_Train></gml:featureMember><gml:featureMember><NASCSP_Wx_Train_WFS:Wx_Train gml:id='F3__43'><NASCSP_Wx_Train_WFS:OBJECTID>43</NASCSP_Wx_Train_WFS:OBJECTID><NASCSP_Wx_Train_WFS:Shape><gml:Point><gml:pos>-9167823.4442260023 3457911.8285240307</gml:pos></gml:Point></NASCSP_Wx_Train_WFS:Shape><NASCSP_Wx_Train_WFS:Center>University of Florida</NASCSP_Wx_Train_WFS:Center><NASCSP_Wx_Train_WFS:Address1>219 Grinter Hall</NASCSP_Wx_Train_WFS:Address1><NASCSP_Wx_Train_WFS:Address2>P.O. Box 115500</NASCSP_Wx_Train_WFS:Address2><NASCSP_Wx_Train_WFS:City_1>Gainesville</NASCSP_Wx_Train_WFS:City_1><NASCSP_Wx_Train_WFS:State_1>FL</NASCSP_Wx_Train_WFS:State_1><NASCSP_Wx_Train_WFS:ZIP_1>32611</NASCSP_Wx_Train_WFS:ZIP_1><NASCSP_Wx_Train_WFS:CenterPhone>(352) 392-8074</NASCSP_Wx_Train_WFS:CenterPhone><NASCSP_Wx_Train_WFS:Website>http://www.ufl.edu</NASCSP_Wx_Train_WFS:Website></NASCSP_Wx_Train_WFS:Wx_Train></gml:featureMember><gml:featureMember><NASCSP_Wx_Train_WFS:Wx_Train gml:id='F3__44'><NASCSP_Wx_Train_WFS:OBJECTID>44</NASCSP_Wx_Train_WFS:OBJECTID><NASCSP_Wx_Train_WFS:Shape><gml:Point><gml:pos>-7904589.5346571319 5106263.8073579594</gml:pos></gml:Point></NASCSP_Wx_Train_WFS:Shape><NASCSP_Wx_Train_WFS:Center>University of Massachusetts–Dartmouth</NASCSP_Wx_Train_WFS:Center><NASCSP_Wx_Train_WFS:Address1>285 Old Westport Road</NASCSP_Wx_Train_WFS:Address1><NASCSP_Wx_Train_WFS:City_1>North Dartmouth</NASCSP_Wx_Train_WFS:City_1><NASCSP_Wx_Train_WFS:State_1>MA</NASCSP_Wx_Train_WFS:State_1><NASCSP_Wx_Train_WFS:ZIP_1>2747</NASCSP_Wx_Train_WFS:ZIP_1><NASCSP_Wx_Train_WFS:CenterPhone>(508) 910-6958</NASCSP_Wx_Train_WFS:CenterPhone><NASCSP_Wx_Train_WFS:Website>http://www.umassd.edu</NASCSP_Wx_Train_WFS:Website></NASCSP_Wx_Train_WFS:Wx_Train></gml:featureMember><gml:featureMember><NASCSP_Wx_Train_WFS:Wx_Train gml:id='F3__45'><NASCSP_Wx_Train_WFS:OBJECTID>45</NASCSP_Wx_Train_WFS:OBJECTID><NASCSP_Wx_Train_WFS:Shape><gml:Point><gml:pos>-12455344.882534765 4977342.6047810465</gml:pos></gml:Point></NASCSP_Wx_Train_WFS:Shape><NASCSP_Wx_Train_WFS:Center>Utah Division of Housing &amp; Community Development</NASCSP_Wx_Train_WFS:Center><NASCSP_Wx_Train_WFS:Address1>324 S. State Street</NASCSP_Wx_Train_WFS:Address1><NASCSP_Wx_Train_WFS:Address2>Suite 500</NASCSP_Wx_Train_WFS:Address2><NASCSP_Wx_Train_WFS:City_1>Salt Lake City</NASCSP_Wx_Train_WFS:City_1><NASCSP_Wx_Train_WFS:State_1>UT</NASCSP_Wx_Train_WFS:State_1><NASCSP_Wx_Train_WFS:ZIP_1>84111</NASCSP_Wx_Train_WFS:ZIP_1><NASCSP_Wx_Train_WFS:CenterPhone>(801) 773-7877</NASCSP_Wx_Train_WFS:CenterPhone><NASCSP_Wx_Train_WFS:Website>http://www.housing.utah.gov/wap/training.html</NASCSP_Wx_Train_WFS:Website></NASCSP_Wx_Train_WFS:Wx_Train></gml:featureMember><gml:featureMember><NASCSP_Wx_Train_WFS:Wx_Train gml:id='F3__46'><NASCSP_Wx_Train_WFS:OBJECTID>46</NASCSP_Wx_Train_WFS:OBJECTID><NASCSP_Wx_Train_WFS:Shape><gml:Point><gml:pos>-9087673.8336015996 4628646.4554737583</gml:pos></gml:Point></NASCSP_Wx_Train_WFS:Shape><NASCSP_Wx_Train_WFS:Center>West Virginia Governor’s Office of Economic Opportunity (GOEO)</NASCSP_Wx_Train_WFS:Center><NASCSP_Wx_Train_WFS:Address1>950 Kanawha Boulevard East</NASCSP_Wx_Train_WFS:Address1><NASCSP_Wx_Train_WFS:Address2>Suite 3</NASCSP_Wx_Train_WFS:Address2><NASCSP_Wx_Train_WFS:City_1>Charleston</NASCSP_Wx_Train_WFS:City_1><NASCSP_Wx_Train_WFS:State_1>WV</NASCSP_Wx_Train_WFS:State_1><NASCSP_Wx_Train_WFS:ZIP_1>25301</NASCSP_Wx_Train_WFS:ZIP_1><NASCSP_Wx_Train_WFS:CenterPhone>(304) 558-8860</NASCSP_Wx_Train_WFS:CenterPhone><NASCSP_Wx_Train_WFS:Website>http://www.goeo.wv.gov</NASCSP_Wx_Train_WFS:Website></NASCSP_Wx_Train_WFS:Wx_Train></gml:featureMember><gml:featureMember><NASCSP_Wx_Train_WFS:Wx_Train gml:id='F3__47'><NASCSP_Wx_Train_WFS:OBJECTID>47</NASCSP_Wx_Train_WFS:OBJECTID><NASCSP_Wx_Train_WFS:Shape><gml:Point><gml:pos>-9772387.8399114385 5154755.7643149793</gml:pos></gml:Point></NASCSP_Wx_Train_WFS:Shape><NASCSP_Wx_Train_WFS:Center>Wilbur Wright College</NASCSP_Wx_Train_WFS:Center><NASCSP_Wx_Train_WFS:Address1>4300 N. Narragansett Avenue</NASCSP_Wx_Train_WFS:Address1><NASCSP_Wx_Train_WFS:City_1>Chicago</NASCSP_Wx_Train_WFS:City_1><NASCSP_Wx_Train_WFS:State_1>IL</NASCSP_Wx_Train_WFS:State_1><NASCSP_Wx_Train_WFS:ZIP_1>60634</NASCSP_Wx_Train_WFS:ZIP_1><NASCSP_Wx_Train_WFS:CenterPhone>(773) 481-8610</NASCSP_Wx_Train_WFS:CenterPhone><NASCSP_Wx_Train_WFS:Website>http://wright.ccc.edu</NASCSP_Wx_Train_WFS:Website></NASCSP_Wx_Train_WFS:Wx_Train></gml:featureMember><gml:featureMember><NASCSP_Wx_Train_WFS:Wx_Train gml:id='F3__48'><NASCSP_Wx_Train_WFS:OBJECTID>48</NASCSP_Wx_Train_WFS:OBJECTID><NASCSP_Wx_Train_WFS:Shape><gml:Point><gml:pos>-9960377.3463539537 5320673.6885403395</gml:pos></gml:Point></NASCSP_Wx_Train_WFS:Shape><NASCSP_Wx_Train_WFS:Center>Wisconsin Energy Conservation Corp. (WECC)</NASCSP_Wx_Train_WFS:Center><NASCSP_Wx_Train_WFS:Address1>431 Charmany Drive</NASCSP_Wx_Train_WFS:Address1><NASCSP_Wx_Train_WFS:City_1>Madison</NASCSP_Wx_Train_WFS:City_1><NASCSP_Wx_Train_WFS:State_1>WI</NASCSP_Wx_Train_WFS:State_1><NASCSP_Wx_Train_WFS:ZIP_1>53719</NASCSP_Wx_Train_WFS:ZIP_1><NASCSP_Wx_Train_WFS:CenterPhone>(800) 969-9322</NASCSP_Wx_Train_WFS:CenterPhone><NASCSP_Wx_Train_WFS:Website>http://www.weccusa.org</NASCSP_Wx_Train_WFS:Website></NASCSP_Wx_Train_WFS:Wx_Train></gml:featureMember><gml:featureMember><NASCSP_Wx_Train_WFS:Wx_Train gml:id='F3__49'><NASCSP_Wx_Train_WFS:OBJECTID>49</NASCSP_Wx_Train_WFS:OBJECTID><NASCSP_Wx_Train_WFS:Shape><gml:Point><gml:pos>-9207477.7377381828 3235964.1304428503</gml:pos></gml:Point></NASCSP_Wx_Train_WFS:Shape><NASCSP_Wx_Train_WFS:Center>WorkNet Pinellas, Inc.</NASCSP_Wx_Train_WFS:Center><NASCSP_Wx_Train_WFS:Address1>13805 58th Street North</NASCSP_Wx_Train_WFS:Address1><NASCSP_Wx_Train_WFS:Address2>Suite 2-140</NASCSP_Wx_Train_WFS:Address2><NASCSP_Wx_Train_WFS:City_1>Clearwater</NASCSP_Wx_Train_WFS:City_1><NASCSP_Wx_Train_WFS:State_1>FL</NASCSP_Wx_Train_WFS:State_1><NASCSP_Wx_Train_WFS:ZIP_1>33760</NASCSP_Wx_Train_WFS:ZIP_1><NASCSP_Wx_Train_WFS:CenterPhone>(727) 524-4344</NASCSP_Wx_Train_WFS:CenterPhone><NASCSP_Wx_Train_WFS:Website>http://www.floridaweatherization.org</NASCSP_Wx_Train_WFS:Website></NASCSP_Wx_Train_WFS:Wx_Train></gml:featureMember></wfs:FeatureCollection>