<?xml version="1.0" encoding="utf-8" ?>
<config>
  <application title="GroWNC GIS Viewer" >
  </application>
  <extent xmin="-9260000" ymin="4160000" xmax="-9140000" ymax="4320000" xminZoom="-9239313" yminZoom="4173463" xmaxZoom="-9167677" ymaxZoom="4303615" wkid="102100"></extent> 
  <server map_path="http://arcgisserver7.nemac.org/ArcGIS/" >
  </server>
  <images>
    <image name="Streets"   label="Streets"  url="http://server.arcgisonline.com/ArcGIS/rest/services/World_Street_Map/MapServer"  selected="true" />
    <image name="Basic"     label="Basic"    url="http://services.arcgisonline.com/ArcGIS/rest/services/Canvas/World_Light_Gray_Base/MapServer" />
    <image name="Relief"    label="Relief"   url="http://server.arcgisonline.com/ArcGIS/rest/services/World_Shaded_Relief/MapServer" />
    <image name="Terrain"   label="Terrain"  url="http://server.arcgisonline.com/ArcGIS/rest/services/World_Terrain_Base/MapServer" />
    <image name="Imagery"   label="Imagery"  url="http://server.arcgisonline.com/ArcGIS/rest/services/World_Imagery/MapServer"/>
    <image name="Topo_Map"  label="Topo Map" url="http://services.arcgisonline.com/ArcGIS/rest/services/World_Topo_Map/MapServer" />
    <image name="USA_Topo"  label="USA Topo" url="http://server.arcgisonline.com/ArcGIS/rest/services/USA_Topo_Maps/MapServer"/>
    <image name="None"      label="None"     url="http://arcgisserver7.nemac.org/ArcGIS/rest/services/US/US_Jurisdictions_filled2/MapServer/" />
  </images>
  <mapviews>
    <view name="GroWNC" label="GroWNC" selected="true">
      <viewGroup name="Political_Boundaries" />
	  <viewGroup name="Built" />
    </view>
  </mapviews>
<wmsLayers>
  <wmsGroup gid="G01" name="Political_Boundaries" label="Political Boundaries and Locations">
    <wmsSubgroup label="Political Boundaries and Locations" selected="true">
      <wmsLayer
	 lid="PBLCB"
	 visible="false"
	 url="http://cartosurvey.com/olwebgis/html/vlayers.py?TRANSPARENT=true"
	 srs="EPSG:3785"
	 layers="county_boundaries"
	 styles="default"
	 identify="true"
	 name="county_boundaries"
	 legend="http://cartosurvey.com/olwebgis/msconfig/cmapicons/tree_cover.png"/>
      <wmsLayer
	 lid="PBLCB"
	 visible="false"
	 url="http://cartosurvey.com/olwebgis/html/vlayers.py?TRANSPARENT=true"
	 srs="EPSG:3785"
	 layers="county_boundaries"
	 styles="default"
	 identify="true"
	 name="county_boundaries"
	 legend="http://cartosurvey.com/olwebgis/msconfig/cmapicons/tree_cover.png"/>
      <wmsLayer
	 lid="PBLCB"
	 visible="false"
	 url="http://cartosurvey.com/olwebgis/html/vlayers.py?TRANSPARENT=true"
	 srs="EPSG:3785"
	 layers="county_boundaries"
	 styles="default"
	 identify="true"
	 name="county_boundaries"
	 legend="http://cartosurvey.com/olwebgis/msconfig/cmapicons/tree_cover.png"/>
      <wmsLayer
	 lid="PBLCB"
	 visible="false"
	 url="http://cartosurvey.com/olwebgis/html/vlayers.py?TRANSPARENT=true"
	 srs="EPSG:3785"
	 layers="county_boundaries"
	 styles="default"
	 identify="true"
	 name="county_boundaries"
	 legend="http://cartosurvey.com/olwebgis/msconfig/cmapicons/tree_cover.png"/>	 
	</wmsSubgroup>
  </wmsGroup>
  <wmsGroup gid="G02" name="Built" label="Built">
    <wmsSubgroup label="Transportation">
      <wmsLayer
	 lid="PBLCB"
	 visible="false"
	 url="http://cartosurvey.com/olwebgis/html/vlayers.py?TRANSPARENT=true"
	 srs="EPSG:3785"
	 layers="county_boundaries"
	 styles="default"
	 identify="true"
	 name="county_boundaries"
	 legend="http://cartosurvey.com/olwebgis/msconfig/cmapicons/tree_cover.png"/>
      <wmsLayer
	 lid="PBLCB"
	 visible="false"
	 url="http://cartosurvey.com/olwebgis/html/vlayers.py?TRANSPARENT=true"
	 srs="EPSG:3785"
	 layers="county_boundaries"
	 styles="default"
	 identify="true"
	 name="county_boundaries"
	 legend="http://cartosurvey.com/olwebgis/msconfig/cmapicons/tree_cover.png"/>
      <wmsLayer
	 lid="PBLCB"
	 visible="false"
	 url="http://cartosurvey.com/olwebgis/html/vlayers.py?TRANSPARENT=true"
	 srs="EPSG:3785"
	 layers="county_boundaries"
	 styles="default"
	 identify="true"
	 name="county_boundaries"
	 legend="http://cartosurvey.com/olwebgis/msconfig/cmapicons/tree_cover.png"/>
      <wmsLayer
	 lid="PBLCB"
	 visible="false"
	 url="http://cartosurvey.com/olwebgis/html/vlayers.py?TRANSPARENT=true"
	 srs="EPSG:3785"
	 layers="county_boundaries"
	 styles="default"
	 identify="true"
	 name="county_boundaries"
	 legend="http://cartosurvey.com/olwebgis/msconfig/cmapicons/tree_cover.png"/>	
      <wmsLayer
	 lid="PBLCB"
	 visible="false"
	 url="http://cartosurvey.com/olwebgis/html/vlayers.py?TRANSPARENT=true"
	 srs="EPSG:3785"
	 layers="county_boundaries"
	 styles="default"
	 identify="true"
	 name="county_boundaries"
	 legend="http://cartosurvey.com/olwebgis/msconfig/cmapicons/tree_cover.png"/>
      <wmsLayer
	 lid="PBLCB"
	 visible="false"
	 url="http://cartosurvey.com/olwebgis/html/vlayers.py?TRANSPARENT=true"
	 srs="EPSG:3785"
	 layers="county_boundaries"
	 styles="default"
	 identify="true"
	 name="county_boundaries"
	 legend="http://cartosurvey.com/olwebgis/msconfig/cmapicons/tree_cover.png"/>
      <wmsLayer
	 lid="PBLCB"
	 visible="false"
	 url="http://cartosurvey.com/olwebgis/html/vlayers.py?TRANSPARENT=true"
	 srs="EPSG:3785"
	 layers="county_boundaries"
	 styles="default"
	 identify="true"
	 name="county_boundaries"
	 legend="http://cartosurvey.com/olwebgis/msconfig/cmapicons/tree_cover.png"/>
      <wmsLayer
	 lid="PBLCB"
	 visible="false"
	 url="http://cartosurvey.com/olwebgis/html/vlayers.py?TRANSPARENT=true"
	 srs="EPSG:3785"
	 layers="county_boundaries"
	 styles="default"
	 identify="true"
	 name="county_boundaries"
	 legend="http://cartosurvey.com/olwebgis/msconfig/cmapicons/tree_cover.png"/>	 	
      <wmsLayer
	 lid="PBLCB"
	 visible="false"
	 url="http://cartosurvey.com/olwebgis/html/vlayers.py?TRANSPARENT=true"
	 srs="EPSG:3785"
	 layers="county_boundaries"
	 styles="default"
	 identify="true"
	 name="county_boundaries"
	 legend="http://cartosurvey.com/olwebgis/msconfig/cmapicons/tree_cover.png"/>
      <wmsLayer
	 lid="PBLCB"
	 visible="false"
	 url="http://cartosurvey.com/olwebgis/html/vlayers.py?TRANSPARENT=true"
	 srs="EPSG:3785"
	 layers="county_boundaries"
	 styles="default"
	 identify="true"
	 name="county_boundaries"
	 legend="http://cartosurvey.com/olwebgis/msconfig/cmapicons/tree_cover.png"/>
      <wmsLayer
	 lid="PBLCB"
	 visible="false"
	 url="http://cartosurvey.com/olwebgis/html/vlayers.py?TRANSPARENT=true"
	 srs="EPSG:3785"
	 layers="county_boundaries"
	 styles="default"
	 identify="true"
	 name="county_boundaries"
	 legend="http://cartosurvey.com/olwebgis/msconfig/cmapicons/tree_cover.png"/>
      <wmsLayer
	 lid="PBLCB"
	 visible="false"
	 url="http://cartosurvey.com/olwebgis/html/vlayers.py?TRANSPARENT=true"
	 srs="EPSG:3785"
	 layers="county_boundaries"
	 styles="default"
	 identify="true"
	 name="county_boundaries"
	 legend="http://cartosurvey.com/olwebgis/msconfig/cmapicons/tree_cover.png"/>	 	
      <wmsLayer
	 lid="PBLCB"
	 visible="false"
	 url="http://cartosurvey.com/olwebgis/html/vlayers.py?TRANSPARENT=true"
	 srs="EPSG:3785"
	 layers="county_boundaries"
	 styles="default"
	 identify="true"
	 name="county_boundaries"
	 legend="http://cartosurvey.com/olwebgis/msconfig/cmapicons/tree_cover.png"/>
      <wmsLayer
	 lid="PBLCB"
	 visible="false"
	 url="http://cartosurvey.com/olwebgis/html/vlayers.py?TRANSPARENT=true"
	 srs="EPSG:3785"
	 layers="county_boundaries"
	 styles="default"
	 identify="true"
	 name="county_boundaries"
	 legend="http://cartosurvey.com/olwebgis/msconfig/cmapicons/tree_cover.png"/>
      <wmsLayer
	 lid="PBLCB"
	 visible="false"
	 url="http://cartosurvey.com/olwebgis/html/vlayers.py?TRANSPARENT=true"
	 srs="EPSG:3785"
	 layers="county_boundaries"
	 styles="default"
	 identify="true"
	 name="county_boundaries"
	 legend="http://cartosurvey.com/olwebgis/msconfig/cmapicons/tree_cover.png"/>
      <wmsLayer
	 lid="PBLCB"
	 visible="false"
	 url="http://cartosurvey.com/olwebgis/html/vlayers.py?TRANSPARENT=true"
	 srs="EPSG:3785"
	 layers="county_boundaries"
	 styles="default"
	 identify="true"
	 name="county_boundaries"
	 legend="http://cartosurvey.com/olwebgis/msconfig/cmapicons/tree_cover.png"/>	
      <wmsLayer
	 lid="PBLCB"
	 visible="false"
	 url="http://cartosurvey.com/olwebgis/html/vlayers.py?TRANSPARENT=true"
	 srs="EPSG:3785"
	 layers="county_boundaries"
	 styles="default"
	 identify="true"
	 name="county_boundaries"
	 legend="http://cartosurvey.com/olwebgis/msconfig/cmapicons/tree_cover.png"/>
      <wmsLayer
	 lid="PBLCB"
	 visible="false"
	 url="http://cartosurvey.com/olwebgis/html/vlayers.py?TRANSPARENT=true"
	 srs="EPSG:3785"
	 layers="county_boundaries"
	 styles="default"
	 identify="true"
	 name="county_boundaries"
	 legend="http://cartosurvey.com/olwebgis/msconfig/cmapicons/tree_cover.png"/>
      <wmsLayer
	 lid="PBLCB"
	 visible="false"
	 url="http://cartosurvey.com/olwebgis/html/vlayers.py?TRANSPARENT=true"
	 srs="EPSG:3785"
	 layers="county_boundaries"
	 styles="default"
	 identify="true"
	 name="county_boundaries"
	 legend="http://cartosurvey.com/olwebgis/msconfig/cmapicons/tree_cover.png"/>
      <wmsLayer
	 lid="PBLCB"
	 visible="false"
	 url="http://cartosurvey.com/olwebgis/html/vlayers.py?TRANSPARENT=true"
	 srs="EPSG:3785"
	 layers="county_boundaries"
	 styles="default"
	 identify="true"
	 name="county_boundaries"
	 legend="http://cartosurvey.com/olwebgis/msconfig/cmapicons/tree_cover.png"/>	
      <wmsLayer
	 lid="PBLCB"
	 visible="false"
	 url="http://cartosurvey.com/olwebgis/html/vlayers.py?TRANSPARENT=true"
	 srs="EPSG:3785"
	 layers="county_boundaries"
	 styles="default"
	 identify="true"
	 name="county_boundaries"
	 legend="http://cartosurvey.com/olwebgis/msconfig/cmapicons/tree_cover.png"/>
      <wmsLayer
	 lid="PBLCB"
	 visible="false"
	 url="http://cartosurvey.com/olwebgis/html/vlayers.py?TRANSPARENT=true"
	 srs="EPSG:3785"
	 layers="county_boundaries"
	 styles="default"
	 identify="true"
	 name="county_boundaries"
	 legend="http://cartosurvey.com/olwebgis/msconfig/cmapicons/tree_cover.png"/>
      <wmsLayer
	 lid="PBLCB"
	 visible="false"
	 url="http://cartosurvey.com/olwebgis/html/vlayers.py?TRANSPARENT=true"
	 srs="EPSG:3785"
	 layers="county_boundaries"
	 styles="default"
	 identify="true"
	 name="county_boundaries"
	 legend="http://cartosurvey.com/olwebgis/msconfig/cmapicons/tree_cover.png"/>
      <wmsLayer
	 lid="PBLCB"
	 visible="false"
	 url="http://cartosurvey.com/olwebgis/html/vlayers.py?TRANSPARENT=true"
	 srs="EPSG:3785"
	 layers="county_boundaries"
	 styles="default"
	 identify="true"
	 name="county_boundaries"
	 legend="http://cartosurvey.com/olwebgis/msconfig/cmapicons/tree_cover.png"/>	 	
      <wmsLayer
	 lid="PBLCB"
	 visible="false"
	 url="http://cartosurvey.com/olwebgis/html/vlayers.py?TRANSPARENT=true"
	 srs="EPSG:3785"
	 layers="county_boundaries"
	 styles="default"
	 identify="true"
	 name="county_boundaries"
	 legend="http://cartosurvey.com/olwebgis/msconfig/cmapicons/tree_cover.png"/>
      <wmsLayer
	 lid="PBLCB"
	 visible="false"
	 url="http://cartosurvey.com/olwebgis/html/vlayers.py?TRANSPARENT=true"
	 srs="EPSG:3785"
	 layers="county_boundaries"
	 styles="default"
	 identify="true"
	 name="county_boundaries"
	 legend="http://cartosurvey.com/olwebgis/msconfig/cmapicons/tree_cover.png"/>
      <wmsLayer
	 lid="PBLCB"
	 visible="false"
	 url="http://cartosurvey.com/olwebgis/html/vlayers.py?TRANSPARENT=true"
	 srs="EPSG:3785"
	 layers="county_boundaries"
	 styles="default"
	 identify="true"
	 name="county_boundaries"
	 legend="http://cartosurvey.com/olwebgis/msconfig/cmapicons/tree_cover.png"/>
      <wmsLayer
	 lid="PBLCB"
	 visible="false"
	 url="http://cartosurvey.com/olwebgis/html/vlayers.py?TRANSPARENT=true"
	 srs="EPSG:3785"
	 layers="county_boundaries"
	 styles="default"
	 identify="true"
	 name="county_boundaries"
	 legend="http://cartosurvey.com/olwebgis/msconfig/cmapicons/tree_cover.png"/>	 	
      <wmsLayer
	 lid="PBLCB"
	 visible="false"
	 url="http://cartosurvey.com/olwebgis/html/vlayers.py?TRANSPARENT=true"
	 srs="EPSG:3785"
	 layers="county_boundaries"
	 styles="default"
	 identify="true"
	 name="county_boundaries"
	 legend="http://cartosurvey.com/olwebgis/msconfig/cmapicons/tree_cover.png"/>
      <wmsLayer
	 lid="PBLCB"
	 visible="false"
	 url="http://cartosurvey.com/olwebgis/html/vlayers.py?TRANSPARENT=true"
	 srs="EPSG:3785"
	 layers="county_boundaries"
	 styles="default"
	 identify="true"
	 name="county_boundaries"
	 legend="http://cartosurvey.com/olwebgis/msconfig/cmapicons/tree_cover.png"/>
      <wmsLayer
	 lid="PBLCB"
	 visible="false"
	 url="http://cartosurvey.com/olwebgis/html/vlayers.py?TRANSPARENT=true"
	 srs="EPSG:3785"
	 layers="county_boundaries"
	 styles="default"
	 identify="true"
	 name="county_boundaries"
	 legend="http://cartosurvey.com/olwebgis/msconfig/cmapicons/tree_cover.png"/>
      <wmsLayer
	 lid="PBLCB"
	 visible="false"
	 url="http://cartosurvey.com/olwebgis/html/vlayers.py?TRANSPARENT=true"
	 srs="EPSG:3785"
	 layers="county_boundaries"
	 styles="default"
	 identify="true"
	 name="county_boundaries"
	 legend="http://cartosurvey.com/olwebgis/msconfig/cmapicons/tree_cover.png"/>	 
	</wmsSubgroup>
  </wmsGroup>
</wmsLayers>
  <tools>
    <tool name="Print" label="Print Map" />
    <tool name="Export" label="Export Map to JPG" />
    <tool name="Identify" label="Identify Features" linkFields=""/>
    <tool name="Phenograph" label="Graph NDVI" helpText = "Click the map to see NDVI for the point. Or, enter coordinates and click Make Graph."/>
    <tool name="ShareMap" label="Share this Map" helpText = "Copy the URL below to share this map with someone else."/>
  </tools>
</config>
