{
    "type": "FeatureCollection",
    "features": [
        {
            "type": "Feature",
            "geometry": {
                "type": "Point",
                "coordinates": [
                    -80.87088507656375,
                    35.21515162500578
                ]
            },
            "properties": {
                "name": "ABBOTT NEIGHBORHOOD PARK",
                "address": "1300  SPRUCE ST",
                "radius": 5,
                "color": "black"
            }
        },
        {
            "type": "Feature",
            "geometry": {
                "type": "Point",
                "coordinates": [
                    -80.83775386582222,
                    35.24980190252168
                ]
            },
            "properties": {
                "name": "DOUBLE OAKS CENTER",
                "address": "1326 WOODWARD AV",
                "radius": 6,
                "color": "red"
            }
        },
        {
            "type": "Feature",
            "geometry": {
                "type": "Point",
                "coordinates": [
                    -80.83827000459532,
                    35.25674709224663
                ]
            },
            "properties": {
                "name": "DOUBLE OAKS NEIGHBORHOOD PARK",
                "address": "2605  DOUBLE OAKS RD",
                "radius": 7,
                "color": "yellow"
            }
        },
        {
            "type": "Feature",
            "geometry": {
                "type": "Point",
                "coordinates": [
                    -80.83697759172735,
                    35.25751734669229
                ]
            },
            "properties": {
                "name": "DOUBLE OAKS POOL",
                "address": "1200 NEWLAND RD",
                "radius": 8,
                "color": "orange"
            }
        },
        {
            "type": "Feature",
            "geometry": {
                "type": "Point",
                "coordinates": [
                    -80.81647652154736,
                    35.40148708491418
                ]
            },
            "properties": {
                "name": "DAVID B. WAYMER FLYING REGIONAL PARK",
                "address": "15401 HOLBROOKS RD",
                "radius": 9,
                "color": "green"
            }
        },
        {
            "type": "Feature",
            "geometry": {
                "type": "Point",
                "coordinates": [
                    -80.83556459443902,
                    35.39917224760999
                ]
            },
            "properties": {
                "name": "DAVID B. WAYMER COMMUNITY PARK",
                "address": "302 HOLBROOKS RD",
                "radius": 10,
                "color": "blue"
            }
        }
    ]
}